scale_n,family,seed,latent_mse,wall_clock_seconds_labeling,wall_clock_seconds_training,benchmark_backend,split_id,train_episode_count,heldout_episode_count,train_windows,heldout_windows,epochs,batch_size,learning_rate,device,pretrained_path,conditioning_note
25,baseline,0,0.04303282,0.0,57.655801,real_lewm_frozen_adapter,scale_25_fdbc427dc9,15,10,462,194,8,12,0.0003,cuda,D:\hf_cache\models--quentinll--lewm-cube\snapshots\7d05e023b3c1114cc8e803ec23fb0177d688598b\weights.pt,task text hashed into a learned conditioning adapter
25,baseline,1,0.04675196,0.0,46.208485,real_lewm_frozen_adapter,scale_25_fdbc427dc9,15,10,462,194,8,12,0.0003,cuda,D:\hf_cache\models--quentinll--lewm-cube\snapshots\7d05e023b3c1114cc8e803ec23fb0177d688598b\weights.pt,task text hashed into a learned conditioning adapter
25,rich_text,0,0.04401028,905.074955,46.104665,real_lewm_frozen_adapter,scale_25_fdbc427dc9,15,10,462,194,8,12,0.0003,cuda,D:\hf_cache\models--quentinll--lewm-cube\snapshots\7d05e023b3c1114cc8e803ec23fb0177d688598b\weights.pt,task plus active VLM-derived subtask text with 30% subtask dropout during training
25,rich_text,1,0.04657301,905.074955,45.836053,real_lewm_frozen_adapter,scale_25_fdbc427dc9,15,10,462,194,8,12,0.0003,cuda,D:\hf_cache\models--quentinll--lewm-cube\snapshots\7d05e023b3c1114cc8e803ec23fb0177d688598b\weights.pt,task plus active VLM-derived subtask text with 30% subtask dropout during training
25,rich_text_metadata,0,0.0414166,1666.120102,37.58609,real_lewm_frozen_adapter,scale_25_fdbc427dc9,15,10,462,194,8,12,0.0003,cuda,D:\hf_cache\models--quentinll--lewm-cube\snapshots\7d05e023b3c1114cc8e803ec23fb0177d688598b\weights.pt,rich text plus speed/quality/mistake/control metadata with pi0.7-style dropout
25,rich_text_metadata,1,0.04243426,1666.120102,37.125939,real_lewm_frozen_adapter,scale_25_fdbc427dc9,15,10,462,194,8,12,0.0003,cuda,D:\hf_cache\models--quentinll--lewm-cube\snapshots\7d05e023b3c1114cc8e803ec23fb0177d688598b\weights.pt,rich text plus speed/quality/mistake/control metadata with pi0.7-style dropout
25,rich_text_metadata_subgoal,0,0.04113417,1669.441897,39.540536,real_lewm_frozen_adapter,scale_25_fdbc427dc9,15,10,462,194,8,12,0.0003,cuda,D:\hf_cache\models--quentinll--lewm-cube\snapshots\7d05e023b3c1114cc8e803ec23fb0177d688598b\weights.pt,metadata prompt plus actual end-of-segment subgoal frame encoded by frozen LeWM
25,rich_text_metadata_subgoal,1,0.04151942,1669.441897,38.942857,real_lewm_frozen_adapter,scale_25_fdbc427dc9,15,10,462,194,8,12,0.0003,cuda,D:\hf_cache\models--quentinll--lewm-cube\snapshots\7d05e023b3c1114cc8e803ec23fb0177d688598b\weights.pt,metadata prompt plus actual end-of-segment subgoal frame encoded by frozen LeWM
50,baseline,0,0.02344923,0.0,82.818294,real_lewm_frozen_adapter,scale_50_636576746e,40,10,1092,194,8,12,0.0003,cuda,D:\hf_cache\models--quentinll--lewm-cube\snapshots\7d05e023b3c1114cc8e803ec23fb0177d688598b\weights.pt,task text hashed into a learned conditioning adapter
50,baseline,1,0.02116447,0.0,83.575394,real_lewm_frozen_adapter,scale_50_636576746e,40,10,1092,194,8,12,0.0003,cuda,D:\hf_cache\models--quentinll--lewm-cube\snapshots\7d05e023b3c1114cc8e803ec23fb0177d688598b\weights.pt,task text hashed into a learned conditioning adapter
50,rich_text,0,0.02327152,905.074955,83.765038,real_lewm_frozen_adapter,scale_50_636576746e,40,10,1092,194,8,12,0.0003,cuda,D:\hf_cache\models--quentinll--lewm-cube\snapshots\7d05e023b3c1114cc8e803ec23fb0177d688598b\weights.pt,task plus active VLM-derived subtask text with 30% subtask dropout during training
50,rich_text,1,0.02126519,905.074955,84.022871,real_lewm_frozen_adapter,scale_50_636576746e,40,10,1092,194,8,12,0.0003,cuda,D:\hf_cache\models--quentinll--lewm-cube\snapshots\7d05e023b3c1114cc8e803ec23fb0177d688598b\weights.pt,task plus active VLM-derived subtask text with 30% subtask dropout during training
50,rich_text_metadata,0,0.02250808,1666.120102,84.31112,real_lewm_frozen_adapter,scale_50_636576746e,40,10,1092,194,8,12,0.0003,cuda,D:\hf_cache\models--quentinll--lewm-cube\snapshots\7d05e023b3c1114cc8e803ec23fb0177d688598b\weights.pt,rich text plus speed/quality/mistake/control metadata with pi0.7-style dropout
50,rich_text_metadata,1,0.01865066,1666.120102,84.011298,real_lewm_frozen_adapter,scale_50_636576746e,40,10,1092,194,8,12,0.0003,cuda,D:\hf_cache\models--quentinll--lewm-cube\snapshots\7d05e023b3c1114cc8e803ec23fb0177d688598b\weights.pt,rich text plus speed/quality/mistake/control metadata with pi0.7-style dropout
50,rich_text_metadata_subgoal,0,0.02407164,1669.441897,90.033131,real_lewm_frozen_adapter,scale_50_636576746e,40,10,1092,194,8,12,0.0003,cuda,D:\hf_cache\models--quentinll--lewm-cube\snapshots\7d05e023b3c1114cc8e803ec23fb0177d688598b\weights.pt,metadata prompt plus actual end-of-segment subgoal frame encoded by frozen LeWM
50,rich_text_metadata_subgoal,1,0.01828538,1669.441897,90.297039,real_lewm_frozen_adapter,scale_50_636576746e,40,10,1092,194,8,12,0.0003,cuda,D:\hf_cache\models--quentinll--lewm-cube\snapshots\7d05e023b3c1114cc8e803ec23fb0177d688598b\weights.pt,metadata prompt plus actual end-of-segment subgoal frame encoded by frozen LeWM
100,baseline,0,0.01857281,0.0,186.001545,real_lewm_frozen_adapter,scale_100_31e6bd6ca9,90,10,2426,194,8,12,0.0003,cuda,D:\hf_cache\models--quentinll--lewm-cube\snapshots\7d05e023b3c1114cc8e803ec23fb0177d688598b\weights.pt,task text hashed into a learned conditioning adapter
100,baseline,1,0.01391171,0.0,183.937841,real_lewm_frozen_adapter,scale_100_31e6bd6ca9,90,10,2426,194,8,12,0.0003,cuda,D:\hf_cache\models--quentinll--lewm-cube\snapshots\7d05e023b3c1114cc8e803ec23fb0177d688598b\weights.pt,task text hashed into a learned conditioning adapter
100,rich_text,0,0.01814097,905.074955,184.070422,real_lewm_frozen_adapter,scale_100_31e6bd6ca9,90,10,2426,194,8,12,0.0003,cuda,D:\hf_cache\models--quentinll--lewm-cube\snapshots\7d05e023b3c1114cc8e803ec23fb0177d688598b\weights.pt,task plus active VLM-derived subtask text with 30% subtask dropout during training
100,rich_text,1,0.01401796,905.074955,183.98771,real_lewm_frozen_adapter,scale_100_31e6bd6ca9,90,10,2426,194,8,12,0.0003,cuda,D:\hf_cache\models--quentinll--lewm-cube\snapshots\7d05e023b3c1114cc8e803ec23fb0177d688598b\weights.pt,task plus active VLM-derived subtask text with 30% subtask dropout during training
100,rich_text_metadata,0,0.01850068,1666.120102,184.288333,real_lewm_frozen_adapter,scale_100_31e6bd6ca9,90,10,2426,194,8,12,0.0003,cuda,D:\hf_cache\models--quentinll--lewm-cube\snapshots\7d05e023b3c1114cc8e803ec23fb0177d688598b\weights.pt,rich text plus speed/quality/mistake/control metadata with pi0.7-style dropout
100,rich_text_metadata,1,0.01369086,1666.120102,185.172484,real_lewm_frozen_adapter,scale_100_31e6bd6ca9,90,10,2426,194,8,12,0.0003,cuda,D:\hf_cache\models--quentinll--lewm-cube\snapshots\7d05e023b3c1114cc8e803ec23fb0177d688598b\weights.pt,rich text plus speed/quality/mistake/control metadata with pi0.7-style dropout
100,rich_text_metadata_subgoal,0,0.01786249,1669.441897,198.007707,real_lewm_frozen_adapter,scale_100_31e6bd6ca9,90,10,2426,194,8,12,0.0003,cuda,D:\hf_cache\models--quentinll--lewm-cube\snapshots\7d05e023b3c1114cc8e803ec23fb0177d688598b\weights.pt,metadata prompt plus actual end-of-segment subgoal frame encoded by frozen LeWM
100,rich_text_metadata_subgoal,1,0.01343101,1669.441897,198.773277,real_lewm_frozen_adapter,scale_100_31e6bd6ca9,90,10,2426,194,8,12,0.0003,cuda,D:\hf_cache\models--quentinll--lewm-cube\snapshots\7d05e023b3c1114cc8e803ec23fb0177d688598b\weights.pt,metadata prompt plus actual end-of-segment subgoal frame encoded by frozen LeWM
